id,first_name,last_name,email,gender,country
1,Jerrold,Haine,,M,Sweden
2,Normie,Lambourne,nlambourne1@auda.org.au,M,Costa Rica
3,Danell,Prium,dprium2@deviantart.com,F,Russia
4,Delphine,Sonschein,dsonschein3@123-reg.co.uk,F,Burundi
5,Petronella,Branchett,pbranchett4@unblog.fr,F,China
6,Dorey,Orrey,dorrey5@geocities.jp,M,Mali
7,Lizbeth,Crose,lcrose6@baidu.com,F,Bangladesh
8,Karalee,Newlands,,F,Czech Republic
9,Sheelagh,Fenner,sfenner8@google.fr,F,Poland
10,Jonah,Ryburn,jryburn9@macromedia.com,M,Kyrgyzstan
11,Brynne,Wintersgill,bwintersgilla@dagondesign.com,F,Mexico
12,Dorie,Chill,dchillb@who.int,M,Portugal
13,Lev,Gateshill,lgateshillc@tumblr.com,M,Norway
14,Tessi,Grigoriev,tgrigorievd@sohu.com,F,Peru
15,Tynan,Southcombe,tsouthcombee@wix.com,M,Azerbaijan
16,Vale,Camous,,F,Poland
17,Latrena,Marmion,lmarmiong@nationalgeographic.com,F,Indonesia
18,Emmye,Longworth,,F,Venezuela
19,Griff,Ellerker,gellerkeri@marriott.com,M,Portugal
20,Lethia,Bonnett,lbonnettj@multiply.com,F,Poland
21,Ronnie,Wimpenny,rwimpennyk@foxnews.com,M,Czech Republic
22,May,Arnaudot,marnaudotl@tuttocitta.it,F,Greece
23,Valentijn,Matonin,vmatoninm@sphinn.com,M,Belize
24,Renee,Bamell,rbamelln@narod.ru,F,Saudi Arabia
25,Gavrielle,Kalewe,gkaleweo@cpanel.net,F,China
26,Klaus,McDuffy,kmcduffyp@newsvine.com,M,Philippines
27,Nye,Golly,ngollyq@networkadvertising.org,M,Laos
28,Siana,Balmer,sbalmerr@abc.net.au,F,Philippines
29,Cyril,Twinn,,M,Indonesia
30,Tarrance,Sproat,tsproatt@hhs.gov,M,China
31,Jaquelyn,Riddlesden,jriddlesdenu@upenn.edu,F,Russia
32,Konstantine,Whitcomb,,M,Indonesia
33,Conney,Lightoller,,M,Philippines
34,Katusha,Chastney,kchastneyx@blog.com,F,Macedonia
35,Merrill,Mackness,,M,China
36,Mady,Sparks,,F,United Kingdom
37,Lorena,Franzolini,lfranzolini10@studiopress.com,F,Cambodia
38,Cleve,Poulett,,M,Mexico
39,Nadean,Messruther,nmessruther12@chicagotribune.com,F,Indonesia
40,Cary,Heartfield,cheartfield13@godaddy.com,M,Philippines
41,Ami,Kidwell,akidwell14@xrea.com,F,China
42,Lazaro,McCurt,lmccurt15@thetimes.co.uk,M,Djibouti
43,Erastus,Mengue,emengue16@woothemes.com,M,France
44,Rycca,Harrema,rharrema17@skype.com,F,Philippines
45,Kennan,Batkin,kbatkin18@answers.com,M,Indonesia
46,Taddeusz,Grellis,,M,Brazil
47,Shay,Peers,speers1a@tinypic.com,F,Indonesia
48,Luelle,Allkins,lallkins1b@patch.com,F,North Korea
49,Jewel,Collingworth,jcollingworth1c@addtoany.com,F,Slovenia
50,Colette,Aylen,caylen1d@ihg.com,F,Philippines
51,Sean,Wernher,swernher1e@nyu.edu,M,Peru
52,Alfredo,Hasard,ahasard1f@dailymotion.com,M,China
53,Kermy,Loughton,kloughton1g@i2i.jp,M,China
54,Diahann,Gilliver,dgilliver1h@smh.com.au,F,United States
55,Denyse,Turfes,,F,Philippines
56,Pammi,Isakov,pisakov1j@aol.com,F,Lithuania
57,Stanton,Sibthorpe,,M,Indonesia
58,Claudelle,Martschik,cmartschik1l@bloomberg.com,F,Philippines
59,Rufus,Cleevely,rcleevely1m@hostgator.com,M,Indonesia
60,Constantino,Cardenoza,ccardenoza1n@de.vu,M,Sweden
61,Merv,Hinemoor,,M,China
62,Kelwin,Kenninghan,kkenninghan1p@1688.com,M,Brazil
63,Annabell,Stilgo,astilgo1q@cam.ac.uk,F,Denmark
64,Shelba,Winward,swinward1r@ibm.com,F,Indonesia
65,Lelia,Cocklie,lcocklie1s@edublogs.org,F,Ukraine
66,Nicky,Gianulli,ngianulli1t@nytimes.com,F,Japan
67,Sergio,Cridlon,scridlon1u@time.com,M,Poland
68,Bren,Bothbie,bbothbie1v@pinterest.com,M,Yemen
69,Loise,Avent,lavent1w@cargocollective.com,F,Russia
70,Noreen,Nevill,nnevill1x@domainmarket.com,F,China
71,Grannie,L' Anglois,glanglois1y@so-net.ne.jp,M,Pakistan
72,Roana,Bailie,rbailie1z@slashdot.org,F,Indonesia
73,Dode,Wesson,dwesson20@microsoft.com,F,Thailand
74,Alix,Louth,alouth21@elpais.com,M,Albania
75,Sharlene,Crighton,scrighton22@huffingtonpost.com,F,Brazil
76,Catlin,Clayill,cclayill23@amazon.com,F,Brazil
77,Giffie,Atwood,gatwood24@shutterfly.com,M,Poland
78,Billy,Brayfield,bbrayfield25@digg.com,F,Poland
79,Garnet,Rickets,grickets26@engadget.com,F,Moldova
80,Idette,Bowsher,ibowsher27@cam.ac.uk,F,Russia
81,Gail,Maruszewski,gmaruszewski28@phpbb.com,M,Sweden
82,Benedicto,Lyes,blyes29@wisc.edu,M,Ukraine
83,Jason,Jahner,,M,China
84,Abigale,Etteridge,aetteridge2b@wufoo.com,F,Russia
85,Bondon,Teaz,,M,United States
86,Verina,Klammt,,F,Philippines
87,Eimile,O'Lunny,eolunny2e@illinois.edu,F,Mexico
88,Melly,Norbury,mnorbury2f@eventbrite.com,F,Sweden
89,Erik,Farrier,efarrier2g@biglobe.ne.jp,M,Russia
90,Jacquelynn,Cellone,jcellone2h@mozilla.com,F,China
91,Con,Tolumello,ctolumello2i@jiathis.com,F,Russia
92,Johanna,Houdmont,jhoudmont2j@cloudflare.com,F,Peru
93,Daphene,Crosland,dcrosland2k@google.de,F,Nigeria
94,Gusta,Arnholz,garnholz2l@altervista.org,F,Argentina
95,Herculie,Knipe,hknipe2m@liveinternet.ru,M,China
96,Ronalda,Cottingham,rcottingham2n@merriam-webster.com,F,Ukraine
97,Maximilien,Hamm,mhamm2o@cnn.com,M,Djibouti
98,Leicester,Kellen,lkellen2p@wired.com,M,China
99,Gelya,Dadley,gdadley2q@state.tx.us,F,United States
100,Gamaliel,Klempke,gklempke2r@about.me,M,Philippines
101,Dulciana,Roper,droper2s@nature.com,F,China
102,Arielle,Raggett,araggett2t@illinois.edu,F,Bulgaria
103,Marley,Sarchwell,msarchwell2u@hibu.com,F,Japan
104,Gracie,Gilmartin,ggilmartin2v@jugem.jp,F,Brazil
105,Gracia,Rowlings,growlings2w@tumblr.com,F,Philippines
106,Emmerich,Brundell,ebrundell2x@ucoz.com,M,Tanzania
107,Court,Lafond,clafond2y@nasa.gov,M,Nigeria
108,Isabeau,Soldan,,F,Indonesia
109,Quincy,Colbeck,qcolbeck30@purevolume.com,M,China
110,Rhiamon,Shrubsall,rshrubsall31@mozilla.org,F,France
111,Reinold,Steen,rsteen32@shop-pro.jp,M,China
112,Gearalt,Bengoechea,gbengoechea33@bbc.co.uk,M,Poland
113,Cathy,Eadmead,ceadmead34@godaddy.com,F,Moldova
114,Garvey,Ducarne,gducarne35@t.co,M,Canada
115,Vivie,D'Agostini,vdagostini36@yellowpages.com,F,China
116,Maryl,Hastin,mhastin37@columbia.edu,F,Antigua and Barbuda
117,Cinda,Volage,cvolage38@geocities.com,F,Vietnam
118,Annette,McDill,amcdill39@amazon.de,F,Brazil
119,Dotty,McAne,dmcane3a@elegantthemes.com,F,Philippines
120,Kelvin,Bailess,kbailess3b@twitter.com,M,Greece
121,Mickie,Czajka,mczajka3c@nytimes.com,F,Egypt
122,Mei,Dainton,mdainton3d@twitter.com,F,Indonesia
123,Dorie,Element,delement3e@toplist.cz,F,Iran
124,Garwood,Symes,gsymes3f@spotify.com,M,China
125,Robinetta,Chatfield,rchatfield3g@rambler.ru,F,China
126,Rosabelle,Bromont,rbromont3h@miibeian.gov.cn,F,Canada
127,Towney,Drohan,tdrohan3i@about.com,M,Samoa
128,Andrea,Josefer,ajosefer3j@earthlink.net,F,China
129,Konstanze,Guarin,,F,Philippines
130,Lelah,Hugnot,lhugnot3l@multiply.com,F,Peru
131,Kenn,Bartak,kbartak3m@squidoo.com,M,China
132,Evelin,Pauer,epauer3n@wix.com,M,United Kingdom
133,Kimberli,Stuckey,kstuckey3o@spiegel.de,F,Belarus
134,Greggory,Waby,gwaby3p@accuweather.com,M,Ukraine
135,Kristal,Grigoriev,kgrigoriev3q@pagesperso-orange.fr,F,Russia
136,Aurelia,Shafto,ashafto3r@mit.edu,F,Philippines
137,Sigismundo,Stelli,sstelli3s@51.la,M,Senegal
138,Etienne,Lockhead,elockhead3t@webmd.com,M,Ghana
139,Massimo,Doick,mdoick3u@harvard.edu,M,China
140,Taddeusz,Henrie,thenrie3v@mtv.com,M,Canada
141,Falito,Szwandt,fszwandt3w@earthlink.net,M,Brazil
142,Chucho,Paolo,cpaolo3x@washington.edu,M,Portugal
143,Wyn,Beale,,M,Armenia
144,Justen,Brattell,jbrattell3z@disqus.com,M,China
145,Johnathan,Housecraft,,M,United States
146,Kerrie,Pougher,kpougher41@narod.ru,F,Czech Republic
147,Perice,Meeke,pmeeke42@123-reg.co.uk,M,Argentina
148,Jefferson,Lovatt,,M,China
149,Liva,Truggian,ltruggian44@cisco.com,F,Chile
150,Tabbatha,Morhall,tmorhall45@twitter.com,F,China
151,Arleta,Lintott,alintott46@cocolog-nifty.com,F,Portugal
152,Norina,Hodge,nhodge47@phoca.cz,F,Portugal
153,Olivette,McMeyler,omcmeyler48@ovh.net,F,Poland
154,Ed,Swayte,eswayte49@storify.com,M,Poland
155,Rory,Gemnett,rgemnett4a@amazon.de,M,Indonesia
156,Myrwyn,MacDermot,,M,Indonesia
157,Matty,Heggie,mheggie4c@rambler.ru,F,Sweden
158,Xenos,Nortunen,xnortunen4d@stumbleupon.com,M,Trinidad and Tobago
159,Boris,Ashpole,bashpole4e@godaddy.com,M,New Zealand
160,Colin,Gynne,,M,Russia
161,Hastie,Pressey,hpressey4g@addthis.com,M,Indonesia
162,Muffin,Shafto,mshafto4h@hostgator.com,M,China
163,Rip,Peizer,rpeizer4i@accuweather.com,M,Malta
164,Cammie,MacNeil,cmacneil4j@netlog.com,F,Ukraine
165,Sidonia,Gulvin,sgulvin4k@ameblo.jp,F,Vietnam
166,Cinnamon,Bloore,cbloore4l@statcounter.com,F,Ireland
167,Margery,McGuirk,mmcguirk4m@shinystat.com,F,Philippines
168,Perice,Lis,plis4n@elegantthemes.com,M,United States
169,Fulton,Hullin,fhullin4o@imdb.com,M,China
170,Alena,Batten,abatten4p@is.gd,F,Greece
171,Almire,Revening,arevening4q@deliciousdays.com,F,Pakistan
172,Emelia,Rickell,erickell4r@yahoo.co.jp,F,Greece
173,Xaviera,Townshend,xtownshend4s@vk.com,F,Iran
174,Judon,Trotter,jtrotter4t@ed.gov,M,China
175,Morse,Hundell,mhundell4u@amazon.co.uk,M,Indonesia
176,Kippy,Trathen,ktrathen4v@yolasite.com,M,Indonesia
177,Stern,Stubbert,sstubbert4w@unblog.fr,M,China
178,Elsbeth,Kordovani,ekordovani4x@mlb.com,F,Luxembourg
179,Ellene,Kumaar,ekumaar4y@npr.org,F,Philippines
180,Philis,Lyons,plyons4z@gnu.org,F,Colombia
181,Clyde,Tal,ctal50@foxnews.com,M,Iran
182,Jeanna,Besnard,jbesnard51@whitehouse.gov,F,Benin
183,Averyl,Mauser,,F,Thailand
184,Bennett,Romanin,bromanin53@example.com,M,China
185,Corette,Bedlington,cbedlington54@bloomberg.com,F,New Zealand
186,Fania,Allison,fallison55@independent.co.uk,F,Portugal
187,Codee,Goodliff,cgoodliff56@livejournal.com,F,Poland
188,Joletta,Cicetti,jcicetti57@kickstarter.com,F,Indonesia
189,Katie,Schutter,kschutter58@nasa.gov,F,Comoros
190,Fitz,Fones,ffones59@naver.com,M,Netherlands
191,Mareah,Eilert,meilert5a@mediafire.com,F,Portugal
192,Shanie,Collin,scollin5b@un.org,F,United States
193,Ronnie,Mateescu,rmateescu5c@ucoz.ru,M,Russia
194,Zarla,Wogan,zwogan5d@miibeian.gov.cn,F,Pakistan
195,Windy,Lampett,wlampett5e@paginegialle.it,F,Indonesia
196,Rosalynd,Reford,rreford5f@trellian.com,F,Indonesia
197,Lazare,Herity,,M,Chile
198,Lorenzo,Do Rosario,ldorosario5h@wired.com,M,Indonesia
199,Jaime,Attrey,jattrey5i@constantcontact.com,F,Colombia
200,Niall,Julyan,njulyan5j@jalbum.net,M,Czech Republic
201,Hattie,Caldow,,F,Indonesia
202,Carey,Stapele,cstapele5l@ucoz.com,M,Russia
203,Russell,Vondrasek,rvondrasek5m@umn.edu,M,Czech Republic
204,Jacquie,Marchant,jmarchant5n@nydailynews.com,F,Ecuador
205,Vanna,Doniso,vdoniso5o@netvibes.com,F,Indonesia
206,Barnabas,Fley,,M,Portugal
207,Dareen,Fyndon,dfyndon5q@barnesandnoble.com,F,Indonesia
208,Victoir,Trimming,vtrimming5r@freewebs.com,M,Greece
209,Ogden,Blackah,oblackah5s@diigo.com,M,Armenia
210,Christie,Haslin,chaslin5t@ovh.net,F,Ukraine
211,Nyssa,Micklewicz,nmicklewicz5u@loc.gov,F,South Africa
212,Kial,Sherwen,ksherwen5v@salon.com,F,Indonesia
213,Fons,Orrock,forrock5w@harvard.edu,M,Poland
214,Pepi,Maberley,,F,China
215,Ned,Agerskow,,M,China
216,Annmaria,Normavell,,F,Portugal
217,Dulce,Picott,dpicott60@e-recht24.de,F,China
218,Tobe,Burdett,tburdett61@gravatar.com,F,Indonesia
219,Westley,Nethercott,,M,Nepal
220,Poppy,Thieme,pthieme63@deliciousdays.com,F,Poland
221,Anna,Stych,astych64@weather.com,F,Tonga
222,Maddie,Boocock,mboocock65@flickr.com,F,Russia
223,Boris,Aikenhead,baikenhead66@reference.com,M,Indonesia
224,Loy,Benn,lbenn67@unblog.fr,M,Indonesia
225,Feliks,Kurdani,fkurdani68@nifty.com,M,Russia
226,Lorne,Lammenga,llammenga69@furl.net,M,Philippines
227,Elisabetta,McTrustie,emctrustie6a@hexun.com,F,Indonesia
228,Maudie,Speedy,mspeedy6b@indiegogo.com,F,China
229,Chrissie,Boullen,,M,Russia
230,Theda,De-Ville,tdeville6d@nasa.gov,F,Brazil
231,Anabelle,Cullip,,F,Finland
232,Basilio,Annable,bannable6f@tinypic.com,M,Indonesia
233,Ainslee,Lemmer,,F,Ireland
234,Bran,Kleszinski,bkleszinski6h@blogger.com,M,China
235,Trenton,Jurisic,tjurisic6i@toplist.cz,M,Latvia
236,Grover,Screach,gscreach6j@youku.com,M,Sri Lanka
237,Melisent,Westoll,,F,Greece
238,Hyacintha,Billings,hbillings6l@github.io,F,Nigeria
239,Bartie,Massow,bmassow6m@psu.edu,M,Ethiopia
240,Sander,Blindt,sblindt6n@apple.com,M,Mongolia
241,Buck,Snalham,bsnalham6o@about.com,M,France
242,Almira,Sunderland,asunderland6p@guardian.co.uk,F,Portugal
243,Ellwood,Lorenzini,elorenzini6q@seattletimes.com,M,Ukraine
244,Jessy,Iwanowicz,jiwanowicz6r@addtoany.com,F,Sweden
245,Victor,Eagell,veagell6s@arstechnica.com,M,China
246,Tarrah,Ney,tney6t@google.co.jp,F,Portugal
247,Denna,O'Connolly,doconnolly6u@ustream.tv,F,Russia
248,Cris,Roebuck,croebuck6v@symantec.com,M,Philippines
249,Lennie,Hrishchenko,lhrishchenko6w@irs.gov,M,France
250,Kelsy,Stocker,kstocker6x@blog.com,F,United States
251,Bettina,Churchill,bchurchill6y@gov.uk,F,Brazil
252,Norma,Rostron,nrostron6z@wiley.com,F,China
253,Bartie,Ellwand,bellwand70@weather.com,M,China
254,Aurel,McKenna,amckenna71@umn.edu,F,Brazil
255,Dimitry,Ling,dling72@shareasale.com,M,China
256,Kally,Bagworth,kbagworth73@hubpages.com,F,Brazil
257,Jeffie,Mayte,jmayte74@sohu.com,M,Czech Republic
258,Rudolf,Blown,rblown75@pcworld.com,M,Russia
259,Bob,Blethin,bblethin76@apple.com,M,Russia
260,Con,Grievson,,M,Russia
261,Libbi,Millery,lmillery78@google.ca,F,France
262,Salli,Stocking,sstocking79@ca.gov,F,Slovenia
263,Damara,Eames,deames7a@gizmodo.com,F,Sweden
264,Christen,Samson,csamson7b@opensource.org,F,China
265,Jesselyn,Kehir,jkehir7c@soup.io,F,Norway
266,Grier,Conahy,gconahy7d@shutterfly.com,F,France
267,Vanya,Cassells,vcassells7e@i2i.jp,M,Czech Republic
268,Averell,Bourton,abourton7f@prlog.org,M,China
269,Maude,Weekland,mweekland7g@yahoo.com,F,Japan
270,Percy,Bruck,pbruck7h@bigcartel.com,M,Turkmenistan
271,Hasty,Litherborough,hlitherborough7i@sfgate.com,M,Philippines
272,Paule,Gaskall,pgaskall7j@moonfruit.com,F,Burkina Faso
273,Merrily,Gremane,mgremane7k@wisc.edu,F,Indonesia
274,Reid,Pagden,,M,China
275,Moina,Rabley,mrabley7m@kickstarter.com,F,Peru
276,Cristie,Magor,cmagor7n@toplist.cz,F,Armenia
277,Cornie,Ganderton,cganderton7o@mapy.cz,M,Colombia
278,Allayne,Juster,ajuster7p@pcworld.com,M,Indonesia
279,Eolande,Carleton,ecarleton7q@unicef.org,F,Portugal
280,Toni,Huyge,thuyge7r@illinois.edu,F,China
281,Judon,Cadany,jcadany7s@noaa.gov,M,Grenada
282,Laird,Ubsdale,lubsdale7t@howstuffworks.com,M,China
283,Yard,Granville,ygranville7u@engadget.com,M,Ireland
284,Cornie,Feldberger,,F,Democratic Republic of the Congo
285,Meridith,Thornton-Dewhirst,mthorntondewhirst7w@elegantthemes.com,F,Portugal
286,Evy,Banstead,ebanstead7x@plala.or.jp,F,Mexico
287,Sibella,Teasell,,F,Portugal
288,Leeanne,Birdwhistle,,F,Honduras
289,Rowland,Pundy,rpundy80@bbc.co.uk,M,Brazil
290,Happy,Randlesome,hrandlesome81@cnn.com,F,Burkina Faso
291,Minnnie,Kelway,mkelway82@constantcontact.com,F,Ukraine
292,Ermentrude,Malham,emalham83@comcast.net,F,South Sudan
293,Garner,Lebang,glebang84@amazon.com,M,Greece
294,Marsiella,Moffett,mmoffett85@huffingtonpost.com,F,Russia
295,Henderson,Finneran,hfinneran86@privacy.gov.au,M,Indonesia
296,Dav,Bunworth,dbunworth87@deviantart.com,M,Poland
297,Jonathon,Asmus,jasmus88@weibo.com,M,Philippines
298,Hercule,Crosfield,hcrosfield89@nih.gov,M,China
299,Martainn,Terron,mterron8a@wsj.com,M,Indonesia
300,Lira,Petrecz,,F,China
301,Mata,Escoffier,mescoffier8c@europa.eu,M,Syria
302,Louise,Kunrad,lkunrad8d@altervista.org,F,Philippines
303,Brook,Rowesby,browesby8e@exblog.jp,M,Kazakhstan
304,Oswald,O'Siaghail,oosiaghail8f@wufoo.com,M,Brazil
305,Ilka,Cunnah,icunnah8g@bbb.org,F,Sweden
306,Pauli,Stringer,pstringer8h@washington.edu,F,Indonesia
307,Orella,Waulker,owaulker8i@gizmodo.com,F,China
308,Ursula,Howland,uhowland8j@go.com,F,Belarus
309,Cazzie,Pinnington,cpinnington8k@google.cn,M,Indonesia
310,Kelcie,Rugieri,,F,Kazakhstan
311,Tracee,Raddon,traddon8m@nsw.gov.au,F,China
312,Jamey,Edmans,,M,China
313,Jacinda,Gullivan,,F,Brazil
314,Micah,Esposita,mesposita8p@shutterfly.com,M,Russia
315,Greg,Wadly,,M,South Korea
316,Luisa,Leadley,lleadley8r@netscape.com,F,Philippines
317,Peadar,Hamsson,phamsson8s@bluehost.com,M,Indonesia
318,Kelwin,McCord,kmccord8t@unesco.org,M,Venezuela
319,Deni,Rootham,drootham8u@wiley.com,F,China
320,Trevar,Dechelette,tdechelette8v@woothemes.com,M,Philippines
321,Creigh,Cluett,,M,Thailand
322,Nappie,Heatlie,nheatlie8x@comsenz.com,M,Philippines
323,Chrisy,Clint,cclint8y@techcrunch.com,M,Paraguay
324,Steve,Roft,sroft8z@statcounter.com,M,Tunisia
325,Bella,Bilfoot,bbilfoot90@columbia.edu,F,Dominican Republic
326,Janine,Cockshott,jcockshott91@arstechnica.com,F,Portugal
327,Esta,Wolton,,F,Micronesia
328,Spence,Laird,slaird93@amazon.co.jp,M,Colombia
329,Gaultiero,Brendish,gbrendish94@google.fr,M,Spain
330,Perceval,Joust,pjoust95@dropbox.com,M,Venezuela
331,Ruby,Bartlomieczak,rbartlomieczak96@wisc.edu,F,China
332,Edd,Recke,erecke97@jalbum.net,M,Indonesia
333,Taffy,Steabler,tsteabler98@senate.gov,F,Sweden
334,Boothe,Helkin,bhelkin99@geocities.com,M,Afghanistan
335,Werner,Marke,wmarke9a@state.tx.us,M,Burkina Faso
336,Henrieta,Bickerstaff,hbickerstaff9b@blogtalkradio.com,F,China
337,Claudianus,Bate,cbate9c@clickbank.net,M,China
338,Gav,Gutsell,ggutsell9d@economist.com,M,Russia
339,Eli,Flanner,eflanner9e@multiply.com,M,Poland
340,Marlon,Sandilands,msandilands9f@cbc.ca,M,Lithuania
341,Jenica,Lumby,jlumby9g@ted.com,F,Russia
342,Bobbe,Spoerl,,F,China
343,Gail,Budgett,gbudgett9i@typepad.com,M,Vietnam
344,Lou,Triplet,ltriplet9j@indiegogo.com,M,Costa Rica
345,Colver,Moultrie,cmoultrie9k@dailymotion.com,M,China
346,Billie,Kiera,bkiera9l@de.vu,F,Brazil
347,Cullin,Pipet,,M,Yemen
348,Lorianne,MacGillivrie,,F,Bulgaria
349,Ferdinande,Lathe,flathe9o@fastcompany.com,F,Egypt
350,Freeman,Dubbin,fdubbin9p@soundcloud.com,M,Russia
351,Melisent,Highman,mhighman9q@themeforest.net,F,Philippines
352,Conrado,Haszard,chaszard9r@deliciousdays.com,M,Saint Kitts and Nevis
353,Wolfie,Folbige,wfolbige9s@abc.net.au,M,United States
354,Bengt,Seagar,bseagar9t@craigslist.org,M,China
355,Augusto,Mounsie,amounsie9u@sciencedirect.com,M,Philippines
356,Lorrayne,Fellman,lfellman9v@nba.com,F,Kazakhstan
357,Gabriella,Monnelly,gmonnelly9w@independent.co.uk,F,China
358,Eustace,McGenis,emcgenis9x@jiathis.com,M,Sweden
359,Dennis,Waddell,dwaddell9y@fotki.com,M,Brazil
360,Sheree,Nussen,snussen9z@tumblr.com,F,Ivory Coast
361,Hubert,Simioli,hsimiolia0@ustream.tv,M,China
362,Tootsie,Worboys,tworboysa1@is.gd,F,Russia
363,Marlon,Domelaw,mdomelawa2@arstechnica.com,M,Palestinian Territory
364,Ferguson,Edy,fedya3@bbc.co.uk,M,Poland
365,Dillie,Gotch,dgotcha4@fema.gov,M,Brazil
366,Kellby,Snowden,ksnowdena5@sohu.com,M,Myanmar
367,Ninon,Verrell,nverrella6@netscape.com,F,China
368,Granville,Le Friec,glefrieca7@apple.com,M,Indonesia
369,Evvie,Iacopetti,,F,Serbia
370,Josephine,Tripe,jtripea9@google.com,F,Russia
371,Gerome,Ghest,gghestaa@sourceforge.net,M,Brazil
372,Nessy,Jeannard,njeannardab@epa.gov,F,Iran
373,Kenon,Steane,ksteaneac@msu.edu,M,Portugal
374,Gisela,Favell,gfavellad@bbc.co.uk,F,Luxembourg
375,Grannie,Eacott,geacottae@marriott.com,M,Indonesia
376,Gilles,Tosney,gtosneyaf@gnu.org,M,Philippines
377,Tedd,Caldroni,tcaldroniag@cbslocal.com,M,China
378,Brenden,Sandaver,bsandaverah@sciencedirect.com,M,Sweden
379,Irvin,Kondrachenko,ikondrachenkoai@narod.ru,M,Burkina Faso
380,Brittani,Punt,,F,United States
381,Rufus,Pack,rpackak@simplemachines.org,M,Philippines
382,Missie,Olohan,molohanal@smh.com.au,F,Sweden
383,Misha,Maine,mmaineam@census.gov,F,Ethiopia
384,Kara,MacShane,kmacshanean@drupal.org,F,Ukraine
385,Britney,Ducarne,bducarneao@ezinearticles.com,F,Russia
386,Loren,Eisikowitch,,M,Portugal
387,Druci,Cope,dcopeaq@sourceforge.net,F,United States
388,Lazarus,MacArthur,lmacarthurar@addtoany.com,M,Czech Republic
389,Harlin,Abry,habryas@friendfeed.com,M,France
390,Cristie,Jobb,cjobbat@fema.gov,F,Thailand
391,Colin,Goodhew,,M,Mexico
392,Nita,De Antoni,ndeantoniav@go.com,F,Indonesia
393,Franky,Camis,fcamisaw@nationalgeographic.com,F,Peru
394,Axe,McGovern,amcgovernax@youku.com,M,Indonesia
395,Jerome,Attac,jattacay@cdc.gov,M,Israel
396,Cyndie,Vasilyonok,cvasilyonokaz@sbwire.com,F,Bolivia
397,Rhea,Scourgie,rscourgieb0@theglobeandmail.com,F,South Korea
398,Jobi,Mollin,jmollinb1@tmall.com,F,Venezuela
399,Jenni,Fansy,jfansyb2@google.com.au,F,Cameroon
400,Lorenzo,Lineker,llinekerb3@smh.com.au,M,Indonesia
401,Virgie,Evenett,vevenettb4@jugem.jp,F,Japan
402,Delilah,Creevy,dcreevyb5@sourceforge.net,F,Sweden
403,Eziechiele,Dickson,edicksonb6@wikispaces.com,M,Japan
404,Joellyn,Bampton,jbamptonb7@cam.ac.uk,F,Vietnam
405,Dannel,Reddy,dreddyb8@simplemachines.org,M,China
406,Worden,Duddan,wduddanb9@marketwatch.com,M,Poland
407,Horatio,MacLice,hmacliceba@vinaora.com,M,France
408,Tessie,Gotobed,tgotobedbb@cdbaby.com,F,Belarus
409,Jameson,Barkess,jbarkessbc@phpbb.com,M,Sweden
410,Cathe,Block,,F,China
411,Herbie,Stanyan,hstanyanbe@mozilla.org,M,Sweden
412,Teddie,De Robertis,tderobertisbf@paypal.com,F,Norway
413,Tuckie,Greenaway,tgreenawaybg@artisteer.com,M,Iran
414,Hoyt,Aspinal,haspinalbh@whitehouse.gov,M,Niger
415,Chiquita,Luquet,cluquetbi@quantcast.com,F,Venezuela
416,Nancie,Bengle,nbenglebj@who.int,F,France
417,Gualterio,Robecon,,M,Indonesia
418,Almire,Andrivot,aandrivotbl@huffingtonpost.com,F,Russia
419,Gwenore,Harbach,gharbachbm@addthis.com,F,Indonesia
420,Miltie,Westerman,mwestermanbn@tinypic.com,M,China
421,Ronny,Proctor,rproctorbo@census.gov,F,Haiti
422,Beckie,Reims,breimsbp@hp.com,F,Poland
423,Dorie,Bonder,dbonderbq@wufoo.com,M,China
424,Conny,Offell,coffellbr@tumblr.com,M,United States
425,Buddie,Sumner,bsumnerbs@epa.gov,M,Australia
426,Abbey,Regardsoe,aregardsoebt@github.com,M,Ukraine
427,Stefano,Line,slinebu@oaic.gov.au,M,Indonesia
428,Rosy,Sang,rsangbv@bloglovin.com,F,Ukraine
429,Claiborne,Sheeres,csheeresbw@alexa.com,M,China
430,Craig,Brayshaw,cbrayshawbx@drupal.org,M,Bulgaria
431,Lou,Eppson,leppsonby@unblog.fr,M,Colombia
432,Ula,De Hoogh,udehooghbz@google.it,F,Indonesia
433,Martynne,Simonard,msimonardc0@newsvine.com,F,China
434,Salvador,Nevet,,M,Indonesia
435,Rabbi,Sewall,rsewallc2@disqus.com,M,Indonesia
436,Joella,Hamilton,jhamiltonc3@github.com,F,Israel
437,Roslyn,Geill,rgeillc4@dedecms.com,F,Philippines
438,William,Iacopo,wiacopoc5@google.com.au,M,Ukraine
439,Lottie,Artis,lartisc6@hao123.com,F,Russia
440,Steward,O'Gready,sogreadyc7@dailymail.co.uk,M,China
441,Patsy,Noton,pnotonc8@ebay.co.uk,F,Spain
442,Selie,Adolfsen,,F,France
443,Page,Blowne,pblowneca@un.org,F,Czech Republic
444,Muffin,McNevin,mmcnevincb@imgur.com,M,Finland
445,Langsdon,Eustace,,M,Ecuador
446,Gregor,Lassen,glassencd@bravesites.com,M,Indonesia
447,Clem,Oliver,coliverce@liveinternet.ru,F,Ukraine
448,Quentin,Malby,qmalbycf@kickstarter.com,M,Tajikistan
449,Vernen,Trevethan,,M,Sri Lanka
450,Jereme,Brenton,,M,Russia
451,Shoshanna,Bloxsum,sbloxsumci@marriott.com,F,Poland
452,Angelita,Aumerle,aaumerlecj@sourceforge.net,F,Japan
453,Brenn,Gatlin,bgatlinck@upenn.edu,F,China
454,Hillie,MacCarrane,hmaccarranecl@cbc.ca,M,China
455,Mohammed,Tiddy,,M,Brazil
456,Broddie,Doogood,,M,Poland
457,Desdemona,Kyneton,dkynetonco@google.com.au,F,Philippines
458,Dinah,Leiden,dleidencp@deliciousdays.com,F,Indonesia
459,Charlotte,Banbridge,cbanbridgecq@tamu.edu,F,Philippines
460,Carol-jean,Worcester,cworcestercr@arstechnica.com,F,China
461,Madlin,Plaister,mplaistercs@tumblr.com,F,Hungary
462,Margarita,Biggen,mbiggenct@gravatar.com,F,Brazil
463,Debora,D'Onise,ddonisecu@nytimes.com,F,Greece
464,Nanni,Faley,nfaleycv@canalblog.com,F,China
465,Boycey,Skamell,bskamellcw@istockphoto.com,M,Peru
466,Agnola,Stallan,astallancx@uiuc.edu,F,Portugal
467,Virgilio,Sacks,vsackscy@ucoz.com,M,United States
468,Diane-marie,Waren,dwarencz@nydailynews.com,F,Colombia
469,Ingra,Housbey,ihousbeyd0@elpais.com,M,Nigeria
470,Marilyn,Westerman,mwestermand1@ca.gov,F,Spain
471,Carrol,Chese,cchesed2@dedecms.com,M,United Kingdom
472,Adler,Billion,abilliond3@liveinternet.ru,M,China
473,Miner,Aslam,maslamd4@theguardian.com,M,China
474,Calla,Raddon,craddond5@nih.gov,F,Netherlands
475,Ellette,Thow,ethowd6@columbia.edu,F,Israel
476,Jocelyne,Franceschelli,jfranceschellid7@abc.net.au,F,Madagascar
477,Silvanus,McRuvie,,M,China
478,Brandon,Baumaier,bbaumaierd9@tumblr.com,M,Russia
479,Balduin,Duddell,bduddellda@youku.com,M,Malta
480,Ingmar,Musicka,imusickadb@reverbnation.com,M,Indonesia
481,Daile,Stevani,,F,Mongolia
482,Sanderson,Footitt,sfootittdd@plala.or.jp,M,Sweden
483,Gusella,Tyrrell,gtyrrellde@hao123.com,F,Vietnam
484,Dale,Rudolf,drudolfdf@squidoo.com,F,Colombia
485,Sheridan,Parlott,sparlottdg@ed.gov,M,Brazil
486,Rodrigo,Mealing,rmealingdh@seattletimes.com,M,China
487,Alaine,Davidowich,adavidowichdi@redcross.org,F,Sweden
488,Claudell,Ashpole,cashpoledj@wikimedia.org,M,China
489,Romonda,Crowdson,rcrowdsondk@mapy.cz,F,Peru
490,Hilde,Smalman,hsmalmandl@cnbc.com,F,Czech Republic
491,Thornton,Cumes,,M,Malaysia
492,Kylie,Carmo,kcarmodn@patch.com,M,Indonesia
493,Fidelio,Joost,,M,China
494,Stephie,Videneev,svideneevdp@ted.com,F,China
495,Meridith,Osgar,,F,Indonesia
496,Jania,Pretty,,F,Latvia
497,Helena,Atley,hatleyds@slideshare.net,F,Tunisia
498,Hoebart,Schuler,hschulerdt@deliciousdays.com,M,Zambia
499,Kacy,Bulman,kbulmandu@bloomberg.com,F,Guatemala
500,Emanuele,Grabbam,egrabbamdv@earthlink.net,M,Indonesia
501,Rich,Boutwell,rboutwelldw@bbc.co.uk,M,Brazil
502,Roderich,Lauret,rlauretdx@yahoo.com,M,Serbia
503,Rockwell,Sinnocke,rsinnockedy@yelp.com,M,Indonesia
504,Jade,Goddert.sf,jgoddertsfdz@washington.edu,F,China
505,Bryn,Streetfield,bstreetfielde0@unicef.org,M,Thailand
506,Garfield,Mordon,gmordone1@soup.io,M,Suriname
507,Steve,Crouse,scrousee2@seattletimes.com,M,South Africa
508,Elianora,Chipman,echipmane3@adobe.com,F,Japan
509,Stevena,Gillies,sgilliese4@fda.gov,F,Ukraine
510,Helenelizabeth,Tommeo,htommeoe5@intel.com,F,Libya
511,Alric,Theriot,atheriote6@livejournal.com,M,China
512,Taite,OIlier,toiliere7@theatlantic.com,M,Peru
513,Jobie,Keizman,jkeizmane8@symantec.com,F,Portugal
514,Dosi,Duigan,dduigane9@delicious.com,F,Argentina
515,Graehme,Quinane,,M,Azerbaijan
516,Annemarie,Toynbee,atoynbeeeb@hao123.com,F,Indonesia
517,Roddie,Eastment,reastmentec@sakura.ne.jp,M,Russia
518,Yurik,Lawrenson,ylawrensoned@angelfire.com,M,United States
519,Frank,Caskie,fcaskieee@weibo.com,M,China
520,Rodrigo,Blasiak,rblasiakef@booking.com,M,Mexico
521,Ingaberg,Skeete,iskeeteeg@pinterest.com,F,Russia
522,Izak,Stopforth,istopfortheh@tinyurl.com,M,Palestinian Territory
523,Jehanna,Sibbert,jsibbertei@bravesites.com,F,Sweden
524,Darby,Klosterman,dklostermanej@wp.com,M,Ukraine
525,Rose,Bearn,,F,France
526,Dorene,Longland,,F,Russia
527,Aleta,MacDuff,amacduffem@creativecommons.org,F,Poland
528,Vitoria,Rotter,vrotteren@dell.com,F,Japan
529,Shaine,Smeath,ssmeatheo@msu.edu,F,Sweden
530,Travus,Fosbraey,tfosbraeyep@smh.com.au,M,Guatemala
531,Delmar,Smickle,dsmickleeq@furl.net,M,China
532,Genevieve,Coggan,gcogganer@multiply.com,F,Peru
533,Veda,Geraldez,vgeraldezes@nature.com,F,Jordan
534,Nicky,Stillwell,,F,Indonesia
535,Leeland,Ezzell,lezzelleu@e-recht24.de,M,Czech Republic
536,Inigo,Dalgarno,idalgarnoev@nhs.uk,M,Brazil
537,Horatio,Andryushchenko,handryushchenkoew@cmu.edu,M,China
538,Dew,Bickmore,dbickmoreex@technorati.com,M,Indonesia
539,Skylar,Rapier,srapierey@comcast.net,M,Egypt
540,Alli,Menendes,amenendesez@ow.ly,F,Brazil
541,Frank,Paylor,fpaylorf0@printfriendly.com,F,China
542,Chaunce,Yakushkin,cyakushkinf1@statcounter.com,M,Ukraine
543,Quinta,Bruckman,qbruckmanf2@bloglovin.com,F,Ecuador
544,Sheffield,Dallas,sdallasf3@ustream.tv,M,Russia
545,Dillon,Kitchin,dkitchinf4@domainmarket.com,M,China
546,Danika,Clancey,dclanceyf5@google.ru,F,Kyrgyzstan
547,Lem,Mannix,lmannixf6@artisteer.com,M,Philippines
548,Wolfgang,Corradini,,M,China
549,Edlin,Arthy,,M,Peru
550,Karia,Phillps,kphillpsf9@biblegateway.com,F,Indonesia
551,Humfrey,Heball,,M,Japan
552,Albertina,Blakesley,ablakesleyfb@aol.com,F,Portugal
553,Valene,Ambrodi,,F,Portugal
554,Gillan,Braker,gbrakerfd@cbslocal.com,F,Albania
555,Dredi,Inglesfield,dinglesfieldfe@usatoday.com,F,France
556,Timothea,Tesimon,ttesimonff@dyndns.org,F,Sweden
557,Hasty,Slack,hslackfg@bloomberg.com,M,Russia
558,Peadar,Botley,pbotleyfh@foxnews.com,M,Latvia
559,Gusella,Pettet,,F,China
560,Colly,Lieb,cliebfj@chron.com,F,China
561,Ernestus,Vanyukhin,evanyukhinfk@linkedin.com,M,Sweden
562,Tobie,Shoreson,tshoresonfl@ovh.net,M,China
563,Royal,Meiner,rmeinerfm@nps.gov,M,China
564,Yanaton,Ginty,ygintyfn@taobao.com,M,Brazil
565,Poppy,Schnitter,pschnitterfo@npr.org,F,Barbados
566,Cristina,Highway,,F,Canada
567,Lorain,Karsh,,F,Egypt
568,Dixie,Wishkar,,F,United States
569,Rafe,Scottini,rscottinifs@mapquest.com,M,Sudan
570,Basile,Muzzall,bmuzzallft@ed.gov,M,Russia
571,Nicolais,Evemy,nevemyfu@ed.gov,M,Peru
572,Hart,Parysowna,hparysownafv@phpbb.com,M,Albania
573,Leanora,Van Niekerk,,F,Malta
574,Mozes,Baggett,mbaggettfx@timesonline.co.uk,M,Philippines
575,Roslyn,Redit,rreditfy@dion.ne.jp,F,France
576,Jonah,Mundall,,M,Japan
577,Lorrie,Allone,,M,Indonesia
578,Odetta,Heritege,,F,Japan
579,Lilyan,Rammell,lrammellg2@sbwire.com,F,Tanzania
580,Milty,Holttom,mholttomg3@wisc.edu,M,Brazil
581,Augustus,Teague,ateagueg4@wikia.com,M,China
582,Ulrike,Brach,ubrachg5@t.co,F,China
583,Margaret,Gotliffe,mgotliffeg6@spiegel.de,F,Mexico
584,Patty,Thicking,pthickingg7@scientificamerican.com,F,Indonesia
585,Sidney,Joysey,sjoyseyg8@hhs.gov,M,Thailand
586,Marillin,Smellie,msmellieg9@eepurl.com,F,Indonesia
587,Adria,Passingham,apassinghamga@hatena.ne.jp,F,Sweden
588,Michel,Layburn,mlayburngb@reddit.com,M,Montserrat
589,Ozzie,Castrillo,ocastrillogc@ca.gov,M,Indonesia
590,Dela,Honig,dhoniggd@nsw.gov.au,F,China
591,Jonathan,De L'Isle,jdelislege@washingtonpost.com,M,Thailand
592,Alexandre,Topper,atoppergf@reverbnation.com,M,China
593,Terrel,Kastel,tkastelgg@t-online.de,M,Brazil
594,Ewen,Kalkofen,ekalkofengh@tumblr.com,M,Ethiopia
595,Marieann,McCarty,mmccartygi@samsung.com,F,Mexico
596,Roanne,Rodger,,F,Philippines
597,Ellyn,Hakking,ehakkinggk@indiatimes.com,F,Peru
598,Lorry,Fleeman,lfleemangl@salon.com,M,United States
599,Riordan,Quogan,rquogangm@multiply.com,M,China
600,Lucinda,Birchwood,lbirchwoodgn@zimbio.com,F,China
601,Gael,Zanicchelli,,F,Philippines
602,Birgitta,Berns,bbernsgp@about.me,F,Armenia
603,Charlotte,Marton,cmartongq@newyorker.com,F,Japan
604,Pia,Butting,pbuttinggr@vinaora.com,F,China
605,Mariejeanne,Mellodey,mmellodeygs@unesco.org,F,Argentina
606,Sammie,Commins,scomminsgt@fotki.com,M,Ukraine
607,Erhard,Hares,eharesgu@noaa.gov,M,Russia
608,Karylin,Davson,kdavsongv@furl.net,F,South Africa
609,Ronica,Foister,rfoistergw@bloglines.com,F,Democratic Republic of the Congo
610,Egbert,Keave,ekeavegx@chronoengine.com,M,Brazil
611,Mariette,Easen,measengy@hatena.ne.jp,F,Sweden
612,Etti,Kinrade,ekinradegz@patch.com,F,China
613,Koralle,Room,kroomh0@huffingtonpost.com,F,Lebanon
614,Armstrong,Warder,awarderh1@sbwire.com,M,Ecuador
615,Chrissie,Gowar,,M,Russia
616,Donna,Damiral,ddamiralh3@goodreads.com,F,China
617,Jillane,Genge,jgengeh4@youku.com,F,China
618,Alvina,Milne,amilneh5@google.ca,F,Indonesia
619,Reinold,Knight,rknighth6@cbc.ca,M,United States
620,Sylvester,Shadrach,sshadrachh7@howstuffworks.com,M,France
621,Barton,Dennert,bdennerth8@wix.com,M,Indonesia
622,Vick,Ryland,vrylandh9@t-online.de,M,Mongolia
623,Aeriel,Antonescu,aantonescuha@mozilla.org,F,Malaysia
624,Barty,Else,belsehb@dailymotion.com,M,China
625,Chris,Noone,,F,France
626,Barnie,Castenda,bcastendahd@dagondesign.com,M,Portugal
627,Sauveur,Toffaloni,stoffalonihe@so-net.ne.jp,M,China
628,Leighton,Cadogan,lcadoganhf@google.it,M,Honduras
629,Pepita,Earland,pearlandhg@angelfire.com,F,Portugal
630,Eugenio,Ghidelli,eghidellihh@fema.gov,M,China
631,Nobie,Himpson,nhimpsonhi@sogou.com,M,Indonesia
632,Latashia,Abad,labadhj@tripadvisor.com,F,Bosnia and Herzegovina
633,Lazar,Dacey,ldaceyhk@cornell.edu,M,Japan
634,Delia,Figg,dfigghl@gizmodo.com,F,France
635,Alethea,Measham,ameashamhm@163.com,F,Portugal
636,Gleda,Antuoni,gantuonihn@techcrunch.com,F,Cuba
637,Homerus,MacDwyer,hmacdwyerho@house.gov,M,Croatia
638,Quincy,Marchington,,M,Philippines
639,Vinita,Penfold,vpenfoldhq@biglobe.ne.jp,F,France
640,Rois,Attle,rattlehr@youtu.be,F,Russia
641,Gustav,McNellis,gmcnellishs@disqus.com,M,Finland
642,Tessa,Beeckx,tbeeckxht@topsy.com,F,China
643,Rae,Fairhall,,F,Yemen
644,Dorotea,Wadlow,dwadlowhv@phpbb.com,F,Brazil
645,Mariel,Glasscott,mglasscotthw@archive.org,F,Bolivia
646,Sylvia,Toleman,stolemanhx@paypal.com,F,Brazil
647,Cherilyn,Levey,cleveyhy@go.com,F,Pakistan
648,Raynell,Gimblet,,F,Belarus
649,Alameda,Poland,apolandi0@odnoklassniki.ru,F,Indonesia
650,Esta,Idell,eidelli1@umn.edu,F,Indonesia
651,Saunderson,Saldler,ssaldleri2@shinystat.com,M,Indonesia
652,Laurel,Ronchka,lronchkai3@imageshack.us,F,United States
653,Marjory,Abramamovh,mabramamovhi4@moonfruit.com,F,China
654,Sidonnie,Smitherman,ssmithermani5@about.me,F,Armenia
655,Natka,Lidstone,nlidstonei6@redcross.org,F,Thailand
656,Marci,Cyster,mcysteri7@mit.edu,F,Argentina
657,Maurizio,Frostdicke,mfrostdickei8@squarespace.com,M,Indonesia
658,Neal,Verdy,nverdyi9@ca.gov,M,China
659,Janela,Mangenot,jmangenotia@salon.com,F,Brazil
660,Rogerio,Almack,ralmackib@earthlink.net,M,Indonesia
661,Olivie,Garralts,,F,China
662,Jourdan,Stellman,jstellmanid@desdev.cn,F,Indonesia
663,Tallulah,Lambricht,tlambrichtie@ustream.tv,F,Lesotho
664,Mark,Moynihan,mmoynihanif@mtv.com,M,Poland
665,Kara-lynn,Bernhardt,kbernhardtig@biglobe.ne.jp,F,Serbia
666,Jeniece,Caseborne,jcaseborneih@cargocollective.com,F,China
667,Saba,Quarterman,squartermanii@lulu.com,F,Cameroon
668,Jacqui,Sherburn,jsherburnij@amazon.co.jp,F,Sweden
669,Truman,Stoner,tstonerik@youtu.be,M,China
670,Bailey,Casbolt,bcasboltil@seesaa.net,M,Russia
671,Penni,Ambrosi,pambrosiim@fema.gov,F,Iran
672,Benito,Gooble,bgooblein@rambler.ru,M,Yemen
673,Timothy,Foottit,tfoottitio@aboutads.info,M,Croatia
674,Marcelle,Eagles,meaglesip@engadget.com,F,China
675,Everard,Buckenham,ebuckenhamiq@foxnews.com,M,Poland
676,Berni,Thorneywork,bthorneyworkir@sphinn.com,F,Russia
677,Annnora,Dunlap,adunlapis@blog.com,F,Libya
678,Hamnet,Dumbleton,hdumbletonit@infoseek.co.jp,M,Mongolia
679,Silvanus,McGannon,smcgannoniu@webmd.com,M,Norway
680,Augustine,Oldershaw,,M,Dominican Republic
681,Cathryn,Barnwall,cbarnwalliw@wordpress.org,F,Colombia
682,Amabel,Jannings,ajanningsix@delicious.com,F,Indonesia
683,Tadd,Coull,tcoulliy@hao123.com,M,Indonesia
684,Pam,McKeever,pmckeeveriz@yellowpages.com,F,Poland
685,Carmita,Dickie,cdickiej0@kickstarter.com,F,Cuba
686,Donielle,Bamblett,dbamblettj1@multiply.com,F,China
687,Merci,Caskey,mcaskeyj2@ning.com,F,China
688,Zacharie,Gitthouse,zgitthousej3@friendfeed.com,M,Russia
689,Tonya,Gregore,,F,Russia
690,Candace,Spier,cspierj5@craigslist.org,F,Belarus
691,Rosie,Nucciotti,,F,China
692,Tobiah,Neicho,tneichoj7@google.co.jp,M,Portugal
693,Darius,Leman,dlemanj8@cbslocal.com,M,Philippines
694,Lavinia,Huegett,lhuegettj9@squidoo.com,F,Indonesia
695,Fiorenze,Dax,fdaxja@blogspot.com,F,Honduras
696,Felicdad,Stubbin,fstubbinjb@hhs.gov,F,United States
697,Jamey,Stobart,jstobartjc@umich.edu,M,Brazil
698,Carmon,Brownsall,cbrownsalljd@uiuc.edu,F,Croatia
699,Lester,Iskower,liskowerje@amazon.co.jp,M,Argentina
700,Winona,Dumsday,wdumsdayjf@smugmug.com,F,French Polynesia
701,Pat,Deboy,pdeboyjg@surveymonkey.com,F,Peru
702,Vitia,Vinau,vvinaujh@friendfeed.com,F,Philippines
703,Kirstin,Stode,kstodeji@blogspot.com,F,Syria
704,Daffi,Ducarne,dducarnejj@illinois.edu,F,China
705,Kalvin,Butterwick,kbutterwickjk@samsung.com,M,Honduras
706,Ree,Giacomello,rgiacomellojl@storify.com,F,Armenia
707,Jeane,Mayo,jmayojm@linkedin.com,F,Indonesia
708,Jacynth,Roderick,jroderickjn@scientificamerican.com,F,China
709,Ramsay,Sauvage,rsauvagejo@lulu.com,M,Croatia
710,Zack,Torpie,ztorpiejp@theatlantic.com,M,China
711,Alley,Dagworthy,adagworthyjq@t.co,M,China
712,Laetitia,Posselt,,F,China
713,Evered,MacMarcuis,emacmarcuisjs@ucoz.com,M,Ukraine
714,Ken,O'Gormally,kogormallyjt@go.com,M,China
715,Lorrie,Levane,llevaneju@google.ru,F,Russia
716,Winston,Mosson,wmossonjv@phoca.cz,M,Russia
717,Marty,Watkinson,mwatkinsonjw@nbcnews.com,F,Turkmenistan
718,Caitrin,McGaw,cmcgawjx@nhs.uk,F,Ukraine
719,Whit,Karlsson,wkarlssonjy@live.com,M,Vietnam
720,Scarlett,Forgan,sforganjz@meetup.com,F,Indonesia
721,Jakob,Tamlett,,M,China
722,Darelle,Cayser,dcayserk1@shop-pro.jp,F,United States
723,Teodorico,Onge,tongek2@mozilla.com,M,Ivory Coast
724,Dorian,Gini,,M,China
725,Emmit,Mottley,emottleyk4@ask.com,M,Philippines
726,Court,McMorland,cmcmorlandk5@rediff.com,M,China
727,Isa,Penrose,ipenrosek6@craigslist.org,F,Portugal
728,Britte,Curee,bcureek7@nps.gov,F,Colombia
729,Gates,Clemson,gclemsonk8@narod.ru,F,China
730,Killian,Bengtson,kbengtsonk9@soup.io,M,Ukraine
731,Rosemaria,Woodruffe,rwoodruffeka@joomla.org,F,China
732,Claudetta,Haig,chaigkb@state.gov,F,Thailand
733,Kitti,Ferruzzi,kferruzzikc@go.com,F,Indonesia
734,Laughton,Nurcombe,lnurcombekd@npr.org,M,China
735,Pegeen,Bazley,pbazleyke@dagondesign.com,F,Slovakia
736,Margi,Chung,,F,Yemen
737,Cordi,Plester,cplesterkg@issuu.com,F,China
738,Cord,Franckton,cfrancktonkh@odnoklassniki.ru,M,Thailand
739,Bevon,Cake,bcakeki@hexun.com,M,China
740,Gardener,Thombleson,,M,China
741,Elijah,Krink,,M,France
742,Nil,Bills,,M,Sudan
743,Mordecai,Ounsworth,mounsworthkm@1und1.de,M,Russia
744,Julia,Brodie,jbrodiekn@csmonitor.com,F,Russia
745,Ches,Lyttle,clyttleko@w3.org,M,Russia
746,Neil,Ashlin,nashlinkp@shareasale.com,M,Portugal
747,August,Brannigan,abrannigankq@last.fm,M,China
748,Wallie,Archambault,warchambaultkr@xrea.com,M,China
749,Noll,Grover,ngroverks@jugem.jp,M,Netherlands
750,Gran,Lax,glaxkt@netlog.com,M,Russia
751,Elnar,Avramow,,M,Brazil
752,Cirillo,Hopfner,,M,Bosnia and Herzegovina
753,Emlyn,Vittori,evittorikw@slideshare.net,F,Indonesia
754,Micah,Dillestone,,M,China
755,Eli,Currer,,M,Guatemala
756,Verne,Buttle,vbuttlekz@dell.com,M,Philippines
757,Fernande,Krauze,fkrauzel0@last.fm,F,China
758,Pattin,Blown,pblownl1@vistaprint.com,M,Tanzania
759,Virgie,Dowber,,M,Philippines
760,Kingston,Cash,kcashl3@shutterfly.com,M,Russia
761,Rolph,Josef,rjosefl4@flavors.me,M,Ukraine
762,Anya,Linfitt,,F,Japan
763,Agatha,Walkington,awalkingtonl6@networkadvertising.org,F,Russia
764,Lay,Orum,loruml7@live.com,M,Indonesia
765,Parrnell,Dugall,pdugalll8@youtube.com,M,South Korea
766,Wilt,Kunrad,wkunradl9@symantec.com,M,Costa Rica
767,Brinn,Hundy,bhundyla@businessinsider.com,F,Moldova
768,Basilius,Bendtsen,bbendtsenlb@histats.com,M,China
769,Lizette,Tumpane,ltumpanelc@hubpages.com,F,Philippines
770,Igor,D'Agostino,idagostinold@google.com.au,M,Malta
771,Kelsy,Concannon,,F,Colombia
772,Donn,Sheaber,dsheaberlf@ucla.edu,M,China
773,Salvatore,Dominichetti,sdominichettilg@sciencedirect.com,M,Yemen
774,Verge,Matiashvili,vmatiashvililh@myspace.com,M,China
775,Orlan,Dreier,odreierli@google.fr,M,Indonesia
776,Walton,Yerrill,,M,Russia
777,Amalle,Helbeck,ahelbecklk@guardian.co.uk,F,Benin
778,Emerson,Broadbury,,M,China
779,Celle,Barnewell,cbarnewelllm@blog.com,F,Kazakhstan
780,Dode,Alesbrook,,F,Zambia
781,Shelby,Coatsworth,,F,Indonesia
782,Gail,Rickwood,grickwoodlp@printfriendly.com,F,Portugal
783,Barnaby,Harvatt,,M,China
784,Egbert,Tatersale,etatersalelr@unesco.org,M,Czech Republic
785,Zaneta,Gonzales,zgonzalesls@webs.com,F,Argentina
786,Kearney,Youde,kyoudelt@chron.com,M,Philippines
787,Callean,Braddon,cbraddonlu@ucoz.ru,M,United States
788,Gabriele,Vedyaev,gvedyaevlv@ifeng.com,M,Indonesia
789,Julita,Booij,,F,Tunisia
790,Gilberte,Crossgrove,gcrossgrovelx@rakuten.co.jp,F,China
791,Claire,Barstowk,cbarstowkly@rakuten.co.jp,F,Philippines
792,Torrence,Maudsley,,M,Ukraine
793,Saree,Huglin,shuglinm0@topsy.com,F,Indonesia
794,Seumas,De Beauchamp,sdebeauchampm1@vinaora.com,M,Russia
795,Ravid,Reside,rresidem2@marketwatch.com,M,Indonesia
796,Emili,Klemke,eklemkem3@patch.com,F,Democratic Republic of the Congo
797,Lucius,De Michetti,ldemichettim4@sbwire.com,M,Indonesia
798,Mose,Mahady,,M,Philippines
799,Brion,Palfreeman,bpalfreemanm6@discovery.com,M,Canada
800,Bekki,Culpen,bculpenm7@bizjournals.com,F,Honduras
801,Rodolph,Albarez,ralbarezm8@google.pl,M,Sweden
802,Kristofer,Forgan,kforganm9@reuters.com,M,Brazil
803,Tabby,St Louis,tstlouisma@nsw.gov.au,M,Bulgaria
804,Jorgan,Bakhrushin,jbakhrushinmb@hc360.com,M,Indonesia
805,Jeannine,Stranger,jstrangermc@apple.com,F,Hungary
806,Tanhya,Burril,,F,China
807,Coralie,Wesker,cweskerme@cargocollective.com,F,France
808,Tedman,Atteridge,tatteridgemf@usda.gov,M,Brazil
809,Robbie,Spick,rspickmg@washington.edu,M,Russia
810,Kendall,Flori,kflorimh@meetup.com,M,Bangladesh
811,Cinderella,Ranklin,cranklinmi@sina.com.cn,F,France
812,Meredeth,Tennant,,M,Czech Republic
813,Nickolas,Hayland,nhaylandmk@umn.edu,M,China
814,Raychel,Goodin,rgoodinml@hp.com,F,France
815,Gian,Detheridge,gdetheridgemm@walmart.com,M,Greece
816,Max,Killford,,F,Brazil
817,Rolland,Matula,rmatulamo@webnode.com,M,Ukraine
818,Efrem,Whiteley,ewhiteleymp@google.ru,M,Indonesia
819,Esta,Tuplin,etuplinmq@acquirethisname.com,F,Malaysia
820,Tibold,Glazzard,tglazzardmr@bandcamp.com,M,Colombia
821,Olly,Leupold,oleupoldms@cocolog-nifty.com,F,Ireland
822,Ardeen,MacKomb,amackombmt@cdc.gov,F,China
823,Teodor,Attack,,M,Philippines
824,Matthew,Barringer,mbarringermv@chicagotribune.com,M,Indonesia
825,Philis,Blaxill,pblaxillmw@nba.com,F,Thailand
826,Cinderella,Henriquet,,F,China
827,Corby,MacIllrick,cmacillrickmy@i2i.jp,M,Indonesia
828,Rustin,Smeath,rsmeathmz@guardian.co.uk,M,United States
829,Karissa,Tiltman,ktiltmann0@chron.com,F,Indonesia
830,Rutherford,Tack,rtackn1@so-net.ne.jp,M,Palestinian Territory
831,Denver,Merrison,dmerrisonn2@nps.gov,M,China
832,Junie,Carley,,F,Czech Republic
833,Raviv,Lightbowne,rlightbownen4@tripadvisor.com,M,Greece
834,Zilvia,Tanman,ztanmann5@theglobeandmail.com,F,Poland
835,Stefa,Mewes,smewesn6@macromedia.com,F,France
836,Merrill,Bestwick,mbestwickn7@rediff.com,F,Indonesia
837,Benoite,Pill,bpilln8@telegraph.co.uk,F,Poland
838,Shelli,Fordyce,,F,China
839,Mahmud,Kirsz,mkirszna@dot.gov,M,France
840,Lynett,Henstone,,F,Philippines
841,Dyane,Williamson,dwilliamsonnc@yellowbook.com,F,France
842,Brendis,Blaker,bblakernd@ucoz.com,M,Portugal
843,Morten,Mathelin,mmathelinne@photobucket.com,M,Indonesia
844,Ev,Silverwood,,M,Philippines
845,Holly,Kenway,hkenwayng@abc.net.au,F,China
846,Glenden,Janek,gjaneknh@umich.edu,M,Finland
847,Bliss,Clelle,bclelleni@huffingtonpost.com,F,China
848,Sena,Eyre,seyrenj@google.co.jp,F,China
849,Viviene,Cogar,vcogarnk@usatoday.com,F,Brazil
850,Maury,Duerden,mduerdennl@archive.org,M,China
851,Kristoffer,Haddy,khaddynm@soundcloud.com,M,Honduras
852,Pierson,Scarlan,pscarlannn@addthis.com,M,Czech Republic
853,Al,Yoodall,ayoodallno@cbslocal.com,M,China
854,Odella,McCarlie,omccarlienp@joomla.org,F,China
855,Eb,aManger,eamangernq@parallels.com,M,Philippines
856,Chariot,Griffith,,M,Honduras
857,Josias,Bennie,jbenniens@xing.com,M,Peru
858,Julie,Cranefield,jcranefieldnt@slate.com,F,China
859,Zonda,Hartright,,F,China
860,Claretta,Armfield,carmfieldnv@bravesites.com,F,China
861,Penelopa,Warne,,F,Uganda
862,Greggory,Ickovic,gickovicnx@google.ca,M,France
863,Byron,Frizzell,bfrizzellny@miitbeian.gov.cn,M,Latvia
864,Tadeas,Gartshore,tgartshorenz@oakley.com,M,China
865,Blayne,Leifer,bleifero0@hud.gov,M,Indonesia
866,Skylar,Pagelsen,spagelseno1@cbslocal.com,M,Russia
867,Claudie,Rosas,crosaso2@geocities.com,F,China
868,Marybelle,Krishtopaittis,mkrishtopaittiso3@bigcartel.com,F,Kazakhstan
869,Reggie,Fance,rfanceo4@bloglovin.com,F,China
870,Noellyn,Dommersen,ndommerseno5@java.com,F,United States
871,Rahel,Schober,,F,China
872,Clementius,Ducket,cducketo7@psu.edu,M,Indonesia
873,Yorgos,Hayen,yhayeno8@purevolume.com,M,China
874,Ailee,Work,aworko9@deviantart.com,F,Philippines
875,Tamarah,Eagan,teaganoa@usnews.com,F,Canada
876,Padget,Shirt,pshirtob@discuz.net,M,China
877,Esdras,Crumby,ecrumbyoc@simplemachines.org,M,Poland
878,Nicole,Handforth,nhandforthod@hatena.ne.jp,F,Nigeria
879,Valeda,Ochterlony,vochterlonyoe@nydailynews.com,F,Peru
880,Shalom,Scarisbrick,sscarisbrickof@amazon.de,M,Brazil
881,Prinz,Alelsandrowicz,palelsandrowiczog@addthis.com,M,Indonesia
882,Kesley,Blowers,,F,Ukraine
883,Bria,Gotcliff,bgotcliffoi@foxnews.com,F,Brazil
884,Ikey,Swatman,iswatmanoj@discovery.com,M,Indonesia
885,Christos,Mulrean,cmulreanok@google.co.jp,M,Myanmar
886,Linc,Coneybeer,lconeybeerol@nydailynews.com,M,Portugal
887,Desirae,Hasser,dhasserom@delicious.com,F,Ireland
888,Trip,Waplinton,twaplintonon@meetup.com,M,Japan
889,Sena,Lumbley,slumbleyoo@tinypic.com,F,Czech Republic
890,Frasier,Trousdale,ftrousdaleop@rambler.ru,M,China
891,Tessi,Gremane,tgremaneoq@uiuc.edu,F,Albania
892,Hillier,Vause,hvauseor@lulu.com,M,Sweden
893,Ginnie,Sweetman,,F,France
894,Pet,Reddlesden,preddlesdenot@t.co,F,China
895,Ag,Crossby,acrossbyou@arstechnica.com,F,Thailand
896,Shari,Gisborne,sgisborneov@springer.com,F,China
897,Hugo,Osmund,,M,Philippines
898,Lu,Downham,ldownhamox@drupal.org,F,Philippines
899,Yetty,Cuchey,ycucheyoy@nyu.edu,F,France
900,Jenny,Malkinson,jmalkinsonoz@newyorker.com,F,Indonesia
901,Sterne,Singh,ssinghp0@redcross.org,M,Canada
902,Andrus,Edgson,aedgsonp1@multiply.com,M,Czech Republic
903,Caldwell,Gehring,,M,Vietnam
904,Myrtice,Pepon,mpeponp3@rakuten.co.jp,F,France
905,Zilvia,Drackford,zdrackfordp4@cargocollective.com,F,Japan
906,Darrin,Echelle,dechellep5@prweb.com,M,Poland
907,Shandy,Kwietak,skwietakp6@businessweek.com,F,United States
908,Franky,Boyen,fboyenp7@ucsd.edu,M,Ireland
909,Wyn,Ruler,wrulerp8@rambler.ru,M,Sweden
910,Amabelle,Calbert,,F,France
911,Krisha,Marris,kmarrispa@irs.gov,M,Portugal
912,Cloe,Oley,coleypb@wikimedia.org,F,Namibia
913,Salvador,Lyvon,slyvonpc@hhs.gov,M,China
914,Samuele,Gowen,sgowenpd@storify.com,M,Bosnia and Herzegovina
915,Cletis,Gebhardt,,M,Vietnam
916,Charlean,Galier,,F,Indonesia
917,Vince,Humpage,,M,Portugal
918,Daune,Flatt,,F,Japan
919,Yurik,Edler,,M,Colombia
920,Anatola,Birrel,,F,Poland
921,Maurizio,Santarelli,msantarellipk@nhs.uk,M,Mexico
922,Jaclin,Terrelly,jterrellypl@webs.com,F,Moldova
923,Lorna,Betje,,F,Poland
924,Homerus,Grinin,hgrininpn@smh.com.au,M,Nigeria
925,Elvira,Dearell,edearellpo@biblegateway.com,F,South Africa
926,Maynard,Lester,mlesterpp@wsj.com,M,Indonesia
927,Jareb,Bransby,jbransbypq@examiner.com,M,Indonesia
928,Conn,Ryce,crycepr@techcrunch.com,M,Sweden
929,Ganny,Scanderet,,M,Argentina
930,Arthur,Winkell,,M,Portugal
931,Chicky,Dunnico,cdunnicopu@rambler.ru,M,France
932,Elsey,Swainsbury,eswainsburypv@taobao.com,F,Palestinian Territory
933,Wallie,Ferraraccio,wferraracciopw@liveinternet.ru,M,Indonesia
934,Jordon,Guilaem,jguilaempx@ucoz.ru,M,Poland
935,Chrisy,Iggo,ciggopy@smugmug.com,M,Russia
936,Corbett,Wanley,,M,Indonesia
937,Joly,Lockwood,jlockwoodq0@bloglovin.com,F,China
938,Temp,Gallaher,tgallaherq1@google.fr,M,Czech Republic
939,Nanni,Rathborne,nrathborneq2@soup.io,F,China
940,Dorotea,Molyneaux,dmolyneauxq3@hexun.com,F,China
941,Thalia,Baskeyfield,tbaskeyfieldq4@digg.com,F,Tunisia
942,Sinclare,Duckering,sduckeringq5@rediff.com,M,Russia
943,Gaspard,Albasiny,galbasinyq6@4shared.com,M,Philippines
944,Ravi,Surmon,,M,China
945,Everett,Severwright,eseverwrightq8@blogger.com,M,Peru
946,Mariejeanne,Jiri,mjiriq9@cmu.edu,F,Vietnam
947,Bobbie,Parkey,bparkeyqa@facebook.com,M,Brazil
948,Lester,Carleman,lcarlemanqb@networkadvertising.org,M,Yemen
949,Erna,Daniel,,F,United States
950,Marius,Gonzalo,mgonzaloqd@archive.org,M,Russia
951,Whittaker,Wigglesworth,wwigglesworthqe@redcross.org,M,Indonesia
952,Adolph,Lilleyman,alilleymanqf@ed.gov,M,Indonesia
953,Standford,McDoual,smcdoualqg@xing.com,M,China
954,Tyler,O'Grada,togradaqh@privacy.gov.au,M,Brazil
955,Vergil,Keuneke,vkeunekeqi@nba.com,M,Indonesia
956,Sharlene,Grigolli,sgrigolliqj@nytimes.com,F,China
957,Colene,Seywood,cseywoodqk@bloomberg.com,F,Brazil
958,Alyda,Conaboy,aconaboyql@washingtonpost.com,F,Mexico
959,Lizette,Sibille,lsibilleqm@discuz.net,F,China
960,Rochette,Ciotto,,F,Brazil
961,Del,Corey,dcoreyqo@ning.com,M,Russia
962,Raimondo,Grimster,rgrimsterqp@rediff.com,M,China
963,Florenza,Kingcote,,F,China
964,Shandy,Quakley,squakleyqr@uol.com.br,F,New Caledonia
965,Inigo,Strasse,istrasseqs@tinypic.com,M,Indonesia
966,Charmain,Padillo,cpadilloqt@eepurl.com,F,Indonesia
967,Russell,Garrish,rgarrishqu@miibeian.gov.cn,M,Malaysia
968,Jeffie,Cornillot,jcornillotqv@blinklist.com,M,Palestinian Territory
969,Patrizio,Tinmouth,ptinmouthqw@fema.gov,M,China
970,Amalee,Newnham,anewnhamqx@nytimes.com,F,China
971,Isak,Kettley,,M,China
972,Warner,Ellacombe,wellacombeqz@columbia.edu,M,Thailand
973,Georgie,Alcido,galcidor0@tinyurl.com,M,France
974,Calvin,Dabs,,M,Portugal
975,Alford,Miskelly,,M,Indonesia
